word,count
in,442
recognition,48
of,1274
the,1224
extraordinary,11
services,18
he,34
has,59
rendered,13
by,82
discovery,205
laws,7
chemical,43
dynamics,8
and,656
osmotic,1
pressure,4
solutions,4
special,4
his,375
poetic,17
composition,1
which,99
gives,4
evidence,1
lofty,4
idealism,5
artistic,8
perfection,1
a,147
rare,3
combination,2
qualities,2
both,6
heart,4
intellect,1
for,1121
humanitarian,6
efforts,35
to,274
help,4
wounded,2
soldiers,2
create,8
international,28
understanding,15
lifelong,5
work,105
peace,48
conferences,1
diplomacy,2
arbitration,5
remarkable,3
rays,7
subsequently,1
named,4
after,5
him,6
on,101
serum,2
therapy,9
especially,29
its,39
application,12
against,17
diphtheria,1
opened,6
new,40
road,1
domain,2
medical,2
science,9
thereby,7
placed,1
hands,1
physician,1
victorious,1
weapon,6
illness,1
deaths,1
sugar,5
purine,1
syntheses,1
greatest,1
living,6
master,2
art,16
historical,6
writing,10
with,98
reference,2
monumental,2
I,16
A,3
history,8
Rome,1
untiring,3
skilful,1
directorship,1
Bern,1
Peace,4
Bureau,1
eminently,1
practical,1
administration,1
Inter,1
Parliamentary,1
Union,2
service,5
they,11
their,388
researches,13
into,24
influence,5
magnetism,2
upon,6
radiation,15
phenomena,11
malaria,2
shown,1
how,11
it,5
enters,1
organism,1
laid,4
foundation,1
successful,1
research,26
this,8
disease,5
methods,29
combating,1
advancement,5
chemistry,34
electrolytic,1
theory,72
dissociation,1
as,42
tribute,4
noble,1
magnificent,2
versatile,1
poetry,18
always,2
been,9
distinguished,3
freshness,3
inspiration,4
purity,2
spirit,8
longstanding,3
devoted,2
effort,13
favour,1
ideas,5
spontaneous,2
radioactivity,1
have,20
joint,2
discovered,3
Professor,2
Henri,2
Becquerel,2
contribution,26
treatment,8
diseases,7
lupus,1
vulgaris,1
concentrated,1
light,17
whereby,2
avenue,1
inert,1
gaseous,1
elements,15
air,1
determination,13
place,1
periodic,1
system,26
fresh,3
originality,2
TRUE,3
production,14
faithfully,1
reflects,2
natural,1
scenery,1
native,3
people,7
addition,1
significant,3
Proven,1
ccedil,1
al,1
philologist,1
numerous,2
brilliant,4
compositions,1
an,35
individual,9
original,2
manner,2
revived,1
great,16
traditions,6
Spanish,4
drama,6
striving,1
public,5
law,3
develop,2
peaceful,16
ties,1
between,34
nations,8
make,1
war,19
more,6
humane,1
investigations,24
densities,1
most,3
important,19
gases,7
argon,1
connection,17
these,3
studies,31
physiology,3
digestion,1
through,28
knowledge,7
vital,1
aspects,2
subject,1
transformed,2
enlarged,1
organic,18
industry,2
dyes,1
hydroaromatic,1
compounds,10
because,3
outstanding,10
merits,2
epic,10
writer,2
her,28
audacity,1
oppose,1
horrors,1
cathode,1
discoveries,166
relation,1
tuberculosis,2
investigation,4
isolation,2
element,2
fluorine,1
adoption,1
electric,2
furnace,1
called,11
not,1
only,1
consideration,4
deep,13
learning,3
critical,2
but,1
above,1
all,8
creative,3
energy,14
style,5
lyrical,7
force,8
characterize,3
masterpieces,2
role,27
bringing,8
end,6
bloody,1
recently,4
waged,1
two,3
world,17
s,25
powers,1
Japan,1
Russia,1
theoretical,15
experimental,15
conduction,1
electricity,2
structure,58
nervous,5
biochemical,2
cell,26
free,6
fermentation,3
power,17
observation,4
imagination,7
virility,1
talent,1
narration,2
creations,1
famous,1
author,2
press,1
meetings,1
private,1
France,3
Italy,1
decisive,11
conduct,1
outcome,2
Hague,2
Geneva,3
Conferences,2
optical,9
precision,8
instruments,1
spectroscopic,1
metrological,1
carried,3
out,1
aid,1
played,7
protozoa,1
causing,2
disintegration,1
radioactive,7
substances,12
earnest,1
search,4
truth,5
penetrating,5
thought,5
wide,5
range,2
vision,3
warmth,1
strength,4
presentation,1
works,7
vindicated,1
developed,11
idealistic,2
philosophy,1
life,23
long,7
time,12
cause,12
politicians,2
society,10
leaders,2
orators,2
authors,2
method,30
reproducing,1
colours,1
photographically,1
based,13
phenomenon,2
interference,3
immunity,6
catalysis,2
fundamental,37
principles,13
governing,4
equilibria,4
rates,1
reaction,5
appreciation,3
vivid,3
spiritual,2
perception,2
that,53
writings,9
prominent,3
position,2
movement,7
contributions,60
development,107
wireless,2
telegraphy,2
pathology,2
surgery,1
thyroid,1
gland,1
pioneer,5
field,14
alicyclic,1
consummate,2
artistry,2
permeated,1
demonstrated,2
during,3
productive,3
career,1
lyric,2
poet,2
dramatist,1
novelist,1
renowned,1
short,8
stories,2
acting,2
link,1
societies,1
various,7
countries,8
helping,3
them,2
organize,1
rallies,1
equation,1
state,2
liquids,1
our,21
made,13
proteins,12
including,7
nucleic,8
radium,2
polonium,1
study,8
nature,11
many,4
sided,1
literary,5
activities,2
dramatic,5
are,14
wealth,2
fancy,1
reveals,1
sometimes,1
guise,1
fairy,1
tale,1
while,2
mysterious,1
way,5
appeal,1
readers,1
own,5
feelings,1
stimulate,1
imaginations,1
co,3
founder,2
Institut,1
de,2
droit,1
initiator,1
International,1
Private,1
Law,1
Conférences,1
Droit,1
privé,1
at,10
legal,1
relations,5
expose,1
fight,5
what,1
considers,1
be,6
main,1
namely,1
anarchy,1
regarding,10
heat,2
dioptrics,1
eye,4
so,6
Grignard,1
reagent,1
recent,2
years,5
greatly,3
advanced,3
progress,2
hydrogenating,1
presence,2
finely,1
disintegrated,1
metals,1
primarily,1
fruitful,2
varied,3
realm,1
about,9
better,3
North,2
South,5
America,4
initiating,1
agreements,1
United,3
States,1
other,3
invention,20
automatic,1
regulators,4
use,16
conjunction,1
gas,1
accumulators,1
illuminating,2
lighthouses,1
buoys,1
vascular,2
suture,1
transplantation,3
blood,2
vessels,1
organs,2
linkage,1
atoms,9
molecules,7
thrown,1
earlier,1
up,5
fields,5
inorganic,1
profoundly,2
sensitive,2
beautiful,1
verse,1
skill,3
expressed,2
English,1
words,2
part,5
literature,6
West,4
unparalleled,1
organization,12
internationalism,3
properties,8
matter,10
low,3
temperatures,2
led,12
inter,5
alia,5
liquid,3
helium,5
anaphylaxis,1
accurate,1
determinations,2
atomic,18
weight,1
large,5
number,4
diffraction,5
X,8
crystals,4
vestibular,1
apparatus,2
plant,2
pigments,1
chlorophyll,2
sympathy,3
love,3
described,1
different,3
types,5
human,44
beings,1
analysis,42
crystal,4
means,8
significance,8
leading,3
representative,1
era,1
rich,8
is,11
inspired,6
ideals,3
authentic,1
descriptions,3
present,3
day,3
Denmark,1
take,1
care,1
prisoners,2
families,3
characteristic,2
R,1
ouml,1
ntgen,1
synthesis,36
ammonia,1
from,10
Physics,3
quanta,1
Olympian,1
Spring,1
League,5
Nations,7
Doppler,1
effect,19
canal,1
splitting,1
spectral,1
lines,1
relating,10
thermochemistry,1
Growth,1
Soil,1
justice,3
establishment,2
measurements,3
anomalies,1
nickel,1
steel,1
alloys,1
capillary,1
motor,1
regulating,6
mechanism,23
origin,9
isotopes,3
achievements,7
characterized,3
nobility,1
profound,1
grace,1
Gallic,1
temperament,1
organized,4
Theoretical,1
photoelectric,2
mass,7
spectrograph,1
non,14
enunciation,1
whole,4
rule,1
happy,1
continued,1
illustrious,1
repatriation,1
relief,1
High,1
Commissioner,1
refugees,5
emanating,1
muscle,2
fixed,1
relationship,2
consumption,3
oxygen,4
metabolism,7
lactic,1
acid,11
micro,1
highly,3
form,11
expression,5
nation,3
elementary,17
charge,1
insulin,3
national,4
The,7
Peasants,1
ray,5
spectroscopy,10
electrocardiogram,1
demonstration,6
heterogenous,1
colloid,2
used,9
since,1
become,4
modern,4
marked,2
humanity,5
stimulating,2
satire,1
often,1
being,5
infused,1
singular,1
beauty,3
crucial,6
Locarno,3
Treaty,4
Dawes,1
Plan,1
impact,2
electron,16
atom,2
disperse,1
systems,14
idealistically,1
plastic,1
clarity,2
picture,2
island,1
depth,2
deal,1
problems,10
general,6
discontinuous,1
sedimentation,1
equilibrium,8
Spiroptera,1
carcinoma,1
constitution,3
bile,1
acids,7
related,5
vitalizing,1
presented,3
emergence,2
Germany,2
opinion,2
favours,2
cooperation,10
making,5
paths,2
electrically,1
charged,4
particles,17
visible,1
condensation,4
vapour,1
therapeutic,2
value,4
inoculation,1
dementia,1
paralytica,1
sterols,1
vitamins,4
principally,2
powerful,3
Northern,5
Middle,5
Ages,2
thermionic,1
typhus,1
fermentative,2
enzymes,11
novel,9
Buddenbrooks,1
won,1
steadily,1
increased,1
one,3
classic,1
contemporary,7
Briand,1
Kellogg,1
Pact,2
wave,1
electrons,7
antineuritic,1
vitamin,5
growth,5
haemin,2
vigorous,1
graphic,1
description,2
ability,4
wit,1
humour,2
characters,1
promoting,7
Christian,1
unity,1
attitude,1
mind,3
necessary,1
if,1
reality,5
scattering,5
groups,1
high,21
Erik,1
Axel,1
Karlfeldt,1
assiduous,2
revive,2
ideal,2
rekindle,2
mankind,5
mode,2
action,6
respiratory,1
enzyme,10
surface,4
takes,1
highest,1
Forsyte,1
Saga,1
creation,3
quantum,23
mechanics,2
allotropic,1
forms,6
hydrogen,5
functions,4
neurons,2
strict,1
classical,3
Russian,4
prose,5
having,27
exposed,2
pen,1
illusion,1
convincing,1
plea,1
concerning,118
chromosome,1
heredity,1
heavy,4
bold,2
ingenious,1
revival,1
scenic,1
struggle,16
courageous,3
Chairman,1
Disarmament,1
Conference,1
1931,1
34,1
liver,3
cases,3
anaemia,3
burning,1
freedom,12
valuable,1
neutron,4
organizer,1
embryonic,7
molecular,16
dipole,1
moments,1
honesty,1
felt,1
emotions,2
embody,1
concept,3
tragedy,1
father,1
Argentine,1
Antiwar,1
1933,1
also,2
mediate,1
Paraguay,1
Bolivia,1
1935,1
cosmic,9
positron,1
transmission,3
nerve,10
impulses,2
carbohydrates,2
C,5
carotenoids,2
flavins,1
B2,1
depicted,2
conflict,15
well,3
some,1
cycle,5
Les,1
Thibault,1
tireless,2
support,1
disarmament,5
biological,16
combustion,1
processes,14
fumaric,1
truly,1
peasant,1
China,2
biographical,2
Fridtjof,1
Nansen,1
benefit,2
across,2
Europe,3
demonstrations,1
existence,6
produced,1
irradiation,2
nuclear,25
reactions,21
brought,1
slow,1
neutrons,4
sinus,1
aortic,1
mechanisms,15
regulation,14
respiration,1
sex,1
hormones,6
polymethylenes,1
higher,1
terpenes,1
country,4
peasantry,1
exquisite,1
portrayed,1
Nature,1
cyclotron,1
results,1
obtained,1
regard,2
artificial,3
antibacterial,1
effects,7
prontosil,1
tracers,1
magnetic,12
moment,2
proton,1
K,5
fission,1
nuclei,8
fertility,1
combined,3
intellectual,2
curiosity,1
scope,1
freshly,1
performed,3
behalf,1
resonance,7
recording,1
differentiated,2
single,4
fibres,2
inventions,8
agricultural,1
nutrition,1
fodder,1
preservation,1
name,3
symbol,1
aspirations,1
entire,1
Latin,3
American,5
indefatigable,1
pivotal,1
establishing,4
Exclusion,1
Principle,2
Pauli,1
penicillin,3
curative,3
infectious,5
can,4
crystallized,1
preparation,2
virus,10
pure,2
growing,1
boldness,1
penetration,2
exemplify,1
religious,1
brotherhood,3
boundaries,3
produce,1
extremely,5
pressures,1
therewith,5
physics,16
mutations,1
products,1
importance,7
alkaloids,1
comprehensive,1
artistically,2
conditions,7
fearless,1
keen,2
psychological,3
insight,3
pioneering,38
compassionate,3
relieve,2
suffering,4
fraternity,2
upper,1
atmosphere,1
Appleton,1
layer,1
course,4
catalytic,6
conversion,2
glycogen,2
hormone,4
anterior,1
pituitary,1
lobe,1
electrophoresis,1
adsorption,1
complex,6
Wilson,1
cloud,1
chamber,4
efficiency,1
DDT,1
contact,1
poison,1
several,3
arthropods,1
thermodynamics,3
particularly,7
behaviour,6
unique,1
conquer,1
hunger,3
want,1
remove,1
major,4
military,3
prediction,7
mesons,4
basis,3
forces,4
functional,6
interbrain,1
coordinator,1
internal,1
leucotomy,1
certain,3
psychoses,1
diene,2
champions,1
mediator,1
Palestine,1
1948,1
1949,1
photographic,1
studying,3
adrenal,3
cortex,3
transuranium,2
vigour,1
independence,1
endeavours,1
find,4
answers,1
eternal,1
questions,1
confronting,1
promotion,1
social,12
among,1
men,2
transmutation,2
artificially,2
accelerated,2
yellow,1
fever,1
combat,2
partition,2
chromatography,2
intensity,4
novels,6
penetrated,1
altruism,1
reverence,1
helped,1
idea,1
streptomycin,1
first,4
antibiotic,1
effective,4
macromolecular,1
mastery,3
oratory,1
defending,1
exalted,1
values,2
proposing,1
supervising,1
plan,1
economic,45
recovery,1
phase,7
contrast,2
microscope,4
citric,1
intermediary,1
bond,1
elucidation,4
narrative,11
Old,1
Man,1
Sea,1
exerted,2
heal,1
wounds,1
providing,1
protection,1
over,3
statistical,1
interpretation,8
wavefunction,1
coincidence,1
poliomyelitis,3
viruses,11
grow,3
cultures,5
tissue,3
biochemically,1
sulphur,1
polypeptide,1
renewed,3
Iceland,1
fine,1
spectrum,1
oxidation,2
language,1
constitutes,1
example,1
artistical,1
semiconductors,5
transistor,3
catheterization,3
pathological,3
changes,4
circulatory,3
nucleotides,2
nucleotide,1
clear,4
sighted,1
earnestness,1
illuminates,2
conscience,1
times,2
deployment,1
Emergency,1
Force,1
wake,2
Suez,1
Crisis,1
parity,2
synthetic,1
inhibit,1
body,1
skeletal,1
muscles,1
achievement,5
tradition,4
leave,1
camps,1
return,1
dignity,3
Cherenkov,3
genes,4
act,2
definite,2
events,2
genetic,22
recombination,1
material,9
bacteria,1
polarographic,1
fire,4
expresses,2
tragic,1
experience,4
antiproton,2
ribonucleic,2
deoxyribonucleic,2
carbon,2
14,1
age,2
archaeology,1
geology,1
geophysics,1
branches,1
soaring,1
flight,1
evocative,1
imagery,1
visionary,3
fashion,1
violent,11
apartheid,4
bubble,2
acquired,2
immunological,5
tolerance,3
dioxide,1
assimilation,1
plants,1
traced,1
themes,1
destinies,2
drawn,1
developing,8
UN,5
constructive,1
capable,1
giving,1
aims,1
Charter,1
achieved,1
nucleons,1
absorption,1
gamma,1
bears,1
physical,7
stimulation,1
within,3
cochlea,1
structures,12
globular,2
realistic,4
imaginative,1
combining,1
do,1
sympathetic,1
arms,5
race,1
East,9
theories,6
condensed,2
information,14
transfer,6
technology,2
polymers,6
eminent,1
feeling,1
Hellenic,1
culture,2
Convention,2
nucleus,4
symmetry,6
shell,2
ionic,3
involved,3
excitation,3
inhibition,5
peripheral,3
central,3
portions,3
membrane,3
techniques,1
filled,1
quest,2
far,2
reaching,1
civil,8
rights,23
Afro,1
population,1
electronics,5
construction,3
oscillators,3
amplifiers,3
maser,4
laser,10
principle,8
cholesterol,4
fatty,2
integrity,2
Don,1
given,2
historic,1
enhance,1
solidarity,1
reduce,1
difference,1
poor,1
states,3
electrodynamics,3
ploughing,3
consequences,5
control,9
bonds,1
electronic,5
orbital,1
motifs,1
Jewish,2
interprets,1
Israel,3
destiny,2
touching,1
Hertzian,1
resonances,1
tumour,4
inducing,1
hormonal,1
prostatic,1
cancer,4
fast,3
effected,3
disturbing,3
very,4
pulses,8
rooted,1
traits,1
Indian,1
peoples,3
stars,2
primary,3
physiological,3
visual,5
reciprocal,1
bearing,1
irreversible,1
sensibility,1
essence,1
Japanese,1
ensure,3
man,9
stipulated,1
Declaration,1
particle,12
particular,13
possible,3
technique,8
using,2
data,1
code,3
function,8
protein,18
conformation,3
applied,3
dynamic,5
models,6
destitution,1
acquires,1
elevation,1
creating,3
legislation,1
insuring,1
norms,1
working,1
every,1
classification,1
interactions,6
replication,3
biosynthesis,1
scientific,1
static,1
actively,1
contributed,3
raising,1
level,1
ethical,2
pursued,1
indispensable,1
founded,2
hope,1
green,4
revolution,1
magnetohydro,1
applications,2
parts,1
plasma,1
antiferromagnetism,1
ferrimagnetism,1
solid,3
humoral,3
transmitters,3
terminals,3
storage,3
release,3
inactivation,3
geometry,1
radicals,1
empirically,1
deepened,3
process,2
elemental,1
brings,2
alive,1
continent,3
dreams,1
paving,1
meaningful,1
dialogue,1
holographic,1
ribonuclease,3
amino,1
sequence,1
biologically,5
active,6
activity,3
centre,7
molecule,5
welfare,4
broad,2
perspective,2
characterization,1
renewal,2
German,1
jointly,7
superconductivity,5
usually,3
BCS,3
antibodies,7
independently,4
organometallic,2
sandwich,2
input,1
output,1
introduced,1
negotiated,4
cease,2
Vietnam,2
1973,2
tunneling,4
superconductors,5
respectively,4
predictions,1
supercurrent,1
tunnel,1
barrier,1
those,1
generally,1
known,1
Josephson,1
elicitation,3
patterns,4
macromolecules,4
money,2
fluctuations,4
interdependence,2
institutional,5
seeing,1
lands,1
ages,1
catch,1
dewdrop,1
reflect,1
cosmos,2
secure,1
throughout,1
stabilize,1
Pacific,1
rim,1
area,2
signing,1
Nuclear,1
Non,1
Proliferation,1
radio,2
astrophysics,5
Ryle,2
observations,5
aperture,2
Hewish,2
pulsars,2
structural,5
stereochemistry,2
catalyzed,4
optimum,3
allocation,2
resources,3
distinctive,1
sensitivity,1
interpreted,1
under,6
sign,1
outlook,2
no,1
illusions,1
Soviet,1
collective,4
motion,6
interaction,12
boranes,1
bonding,1
monetary,2
complexity,1
stabilization,1
policy,6
subtle,1
founding,2
put,2
Ireland,4
kind,2
dissemination,2
dissipative,1
pathbreaking,2
trade,4
capital,2
movements,2
condition,4
same,1
representing,1
wars,1
worldwide,1
respect,3
disordered,3
peptide,3
brain,5
radioimmunoassays,1
formulation,1
chemiosmotic,1
decision,3
organizations,1
impassioned,2
roots,2
Polish,1
cultural,4
universal,3
Egypt,2
1978,2
basic,1
temperature,3
microwave,4
background,5
restriction,3
genetics,3
boron,2
phosphorus,2
containing,2
reagents,2
Greek,1
depicts,2
sensuous,2
sightedness,2
creativeness,2
unified,3
weak,8
electromagnetic,3
neutral,5
current,3
computer,2
assisted,2
tomography,2
biochemistry,1
recombinant,1
DNA,4
base,4
sequences,2
econometric,1
policies,1
who,16
uncompromising,2
voices,3
severe,1
conflicts,4
source,1
repressed,1
violations,2
decay,2
genetically,3
determined,3
regulate,3
financial,8
markets,10
expenditure,1
decisions,1
employment,1
prices,4
resolution,5
specialization,1
cerebral,1
hemispheres,1
processing,2
crystallographic,1
microscopy,7
complexes,2
seminal,1
industrial,1
functioning,2
causes,1
fantastic,1
richly,1
composed,1
reflecting,1
zones,2
transitions,4
prostaglandins,3
metal,1
incorporated,1
analytical,1
rigorous,1
reformulation,1
perspicuity,1
diversity,2
universality,1
myth,2
illuminate,1
today,2
unions,1
Poland,1
evolution,3
formation,5
universe,1
mobile,1
methodology,3
matrix,1
accounts,1
hence,1
improved,1
empirical,8
endowed,1
sensuality,1
inventiveness,1
provides,1
liberating,1
image,1
indomitable,1
versatility,1
unifying,1
leader,1
figure,1
campaign,1
resolve,3
problem,1
Africa,3
project,2
W,2
Z,2
communicators,2
specificity,6
immune,7
monoclonal,3
direct,2
analyses,7
saving,4
combines,1
painter,1
awareness,2
depiction,1
spreading,1
authoritative,1
catastrophic,2
quantized,1
Hall,1
contractual,1
constitutional,1
bases,1
political,1
overtones,1
fashions,1
messenger,1
message,1
atonement,1
optics,1
design,12
scanning,2
factors,2
specific,6
selectivity,3
embracing,1
authorship,1
imbued,1
lasting,3
Central,1
break,2
ceramic,2
materials,2
generation,1
antibody,1
three,7
dimensional,6
photosynthetic,3
efficient,4
utilization,1
nuance,1
now,2
sightedly,1
evocatively,1
ambiguous,1
formed,4
Arabian,1
applies,1
preventing,1
armed,3
clashes,1
negotiations,1
neutrino,9
beam,3
doublet,3
leptons,3
muon,3
drug,3
RNA,6
clarification,2
probability,1
foundations,8
econometrics,1
simultaneous,1
intensive,1
restrained,1
compassion,2
challenging,1
vulnerability,1
advocating,1
mutual,1
order,4
preserve,1
heritage,1
separated,1
oscillatory,1
clocks,1
ion,9
trap,5
cellular,2
retroviral,2
oncogenes,2
economics,6
horizons,1
intelligence,1
humanistic,1
radical,1
inelastic,3
protons,3
bound,3
essential,4
quark,3
model,3
organ,5
NMR,1
transaction,1
costs,1
property,1
economy,1
Alfred,1
Nobel,1
democracy,12
discovering,1
simple,1
generalized,1
channels,4
cells,18
extended,1
microeconomic,1
nonmarket,1
oeuvre,1
luminosity,1
sustained,2
multicultural,1
commitment,1
ethno,1
reconciliation,3
indigenous,1
detectors,1
multiwire,1
proportional,1
reversible,2
phosphorylation,2
regulatory,2
polymerase,1
chain,1
PCR,1
oligonucleotide,1
site,1
directed,2
mutagenesis,1
applying,2
quantitative,2
explain,2
change,7
import,1
aspect,1
termination,2
regime,2
laying,2
democratic,2
type,4
pulsar,2
possibilities,2
gravitation,2
split,2
carbocation,1
cooperative,3
games,3
creates,1
imagined,1
where,1
condense,1
disconcerting,1
predicament,1
G,4
signal,5
transduction,5
atmospheric,3
decomposition,3
ozone,3
hypothesis,1
rational,1
expectations,1
macroeconomic,4
exalt,1
everyday,2
miracles,1
past,1
diminish,2
politics,2
longer,2
run,4
eliminate,3
such,5
tau,1
lepton,1
detection,3
early,6
fullerenes,3
incentives,2
asymmetric,7
ironic,1
allows,1
context,1
come,1
fragments,1
towards,2
just,2
solution,8
Timor,2
superfluidity,3
3,3
mediated,5
defence,2
enzymatic,2
underlying,2
adenosine,2
triphosphate,2
ATP,2
transporting,1
Na,1
ATPase,1
determine,2
derivatives,2
emulates,1
jesters,1
scourging,1
authority,1
upholding,1
downtrodden,1
banning,2
clearing,2
anti,2
personnel,2
mines,2
cool,3
Prions,1
infection,1
density,1
computational,2
parables,1
irony,1
continually,1
enables,1
us,3
once,1
again,2
apprehend,1
elusory,1
fluid,3
fractionally,3
excitations,3
nitric,3
oxide,3
signalling,3
cardiovascular,3
transition,1
femtosecond,1
fiscal,1
exchange,1
rate,1
regimes,1
currency,1
areas,2
whose,1
frolicsome,1
black,2
fables,1
portray,1
forgotten,1
face,1
organisation,1
continents,3
elucidating,2
electroweak,2
intrinsic,1
signals,1
govern,1
transport,4
localization,1
conductive,3
analyzing,4
selective,1
samples,1
discrete,1
choice,1
œuvre,1
validity,1
bitter,1
insights,2
linguistic,3
ingenuity,2
Chinese,1
Korea,2
Asia,1
semiconductor,4
heterostructures,2
speed,2
opto,2
integrated,2
circuit,3
chirally,3
catalysed,3
hydrogenation,2
united,1
perceptive,1
incorruptible,1
scrutiny,2
compel,1
see,1
suppressed,1
histories,1
Bose,3
Einstein,3
dilute,3
alkali,3
condensates,3
key,3
soft,2
desorption,2
ionisation,2
spectrometric,2
determining,1
judgment,1
uncertainty,1
established,1
laboratory,1
experiments,8
tool,1
alternative,1
market,5
upholds,1
fragile,1
barbaric,1
arbitrariness,1
decades,3
advance,1
promote,2
neutrinos,4
sources,4
programmed,3
death,3
water,1
mechanistic,4
series,2
varying,1
volatility,1
ARCH,1
common,1
trends,1
cointegration,1
innumerable,1
guises,1
portrays,1
surprising,1
involvement,1
outsider,1
She,1
focused,1
women,9
children,5
superfluids,3
imaging,4
ubiquitin,3
degradation,3
macroeconomics,2
consistency,2
driving,3
behind,2
business,2
cycles,2
musical,1
flow,1
counter,1
plays,3
zeal,1
reveal,1
absurdity,1
clich,1
eacute,1
subjugating,1
sustainable,1
asymptotic,3
strong,3
odorant,2
receptors,6
olfactory,2
metathesis,3
enhanced,2
game,2
uncovers,2
precipice,1
prattle,1
entry,1
oppression,2
closed,1
rooms,1
prevent,3
purposes,4
safest,2
coherence,1
frequency,2
comb,2
bacterium,2
i,4
Helicobacter,2
pylori,2
gastritis,2
peptic,2
ulcer,2
eukaryotic,1
transcription,1
intertemporal,1
tradeoffs,1
melancholic,1
soul,1
city,1
symbols,1
clash,1
interlacing,1
below,3
blackbody,2
anisotropy,2
gene,7
silencing,2
double,2
stranded,2
surfaces,1
epicist,1
female,1
scepticism,1
subjected,1
divided,1
civilisation,1
build,2
disseminate,2
greater,2
climate,5
lay,2
measures,2
needed,2
counteract,2
Giant,2
Magnetoresistance,2
introducing,3
modifications,5
mice,3
stem,3
fluorescent,3
GFP,3
location,1
departures,1
adventure,1
sensual,1
ecstasy,1
explorer,1
beyond,1
reigning,1
civilization,1
than,2
broken,3
subatomic,3
predicts,2
least,2
quarks,2
papilloma,1
cervical,1
immunodeficiency,2
ribosome,3
governance,2
commons,1
firm,1
concentration,1
frankness,1
landscape,1
dispossessed,1
strengthen,1
groundbreaking,3
fibers,1
communication,1
CCD,2
sensor,2
chromosomes,3
protected,3
telomeres,3
telomerase,3
palladium,3
cross,3
couplings,3
frictions,3
cartography,1
trenchant,1
images,2
resistance,1
revolt,1
defeat,1
graphene,2
vitro,1
fertilization,1
quasicrystals,1
macroeconomy,2
translucent,1
access,1
safety,3
full,3
participation,3
building,4
accelerating,3
expansion,3
Universe,3
distant,3
supernovae,3
activation,2
innate,2
dendritic,1
adaptive,1
coupled,2
stable,2
allocations,2
practice,2
hallucinatory,1
realism,1
merges,1
folk,1
tales,1
six,1
ground,3
breaking,3
enable,4
measuring,2
manipulation,2
mature,2
reprogrammed,2
pluripotent,2
multiscale,3
asset,3
story,1
extensive,1
weapons,5
contributes,2
was,2
confirmed,2
predicted,2
ATLAS,2
CMS,2
CERN,2
Large,2
Hadron,2
Collider,2
machinery,3
vesicle,3
traffic,3
super,3
resolved,3
fluorescence,3
memory,2
evoked,1
ungraspable,1
uncovered,2
occupation,1
suppression,2
young,2
right,8
education,2
blue,3
emitting,3
diodes,3
enabled,5
bright,3
white,3
constitute,3
positioning,3
repair,3
poverty,4
polyphonic,1
monument,1
courage,2
pluralistic,1
Tunisia,1
Jasmine,1
Revolution,1
2011,1
oscillations,2
shows,2
infections,2
caused,2
roundworm,2
parasites,2
Malaria,1
machines,3
contract,2
created,1
expressions,1
song,1
resolute,1
bring,1
50,1
year,1
topological,6
phases,3
autophagy,1
cryo,3
biomolecules,3
behavioural,1
emotional,1
abyss,1
beneath,1
illusory,1
sense,4
draw,1
attention,1
any,1
achieve,3
treaty,1
prohibition,1
LIGO,3
detector,3
gravitational,3
waves,3
controlling,3
circadian,3
rhythm,3
phage,2
display,2
peptides,2
integrating,2
technological,1
innovations,1
encyclopedic,1
passion,1
represents,1
crossing,1
sexual,2
violence,2
tweezers,1
generating,2
ultra,2
negative,2
lithium,3
batteries,3
approach,3
alleviating,3
global,5
influential,1
explored,1
periphery,1
initiative,1
border,1
neighbouring,1
Eritrea,1
cosmology,1
exoplanet,2
orbiting,2
solar,2
star,2
adapt,3
availability,3
genome,2
editing,2
improvements,2
auction,4
formats,2
unmistakable,1
voice,2
austere,1
makes,1
bettering,1
affected,1
hole,1
robust,1
relativity,1
supermassive,2
compact,2
object,2
galaxy,2
Hepatitis,3
organocatalysis,2
labour,2
methodological,2
causal,2
relationships,2
colonialism,1
fate,1
refugee,1
gulf,1
safeguard,2
precondition,2
modelling,2
Earth,2
quantifying,2
variability,2
reliably,2
predicting,2
warming,2
interplay,1
disorder,1
planetary,1
scales,1
touch,2
click,3
bioorthogonal,3
banks,3
crises,3
clinical,1
acuity,1
she,1
estrangements,1
restraints,1
personal,1
Prize,3
laureates,3
represent,3
home,3
They,6
promoted,3
criticise,3
protect,3
citizens,3
document,3
crimes,3
abuses,3
abuse,3
Together,3
demonstrate,3
entangled,3
photons,3
violation,3
Bell,3
inequalities,3
genomes,1
extinct,1
hominins,1
dots,3
outcomes,1
innovative,1
give,1
unsayable,1
Iran,1
generate,3
attosecond,3
nucleoside,2
mRNA,2
vaccines,2
COVID,2
19,2
institutions,3
affect,3
prosperity,3
intense,1
confronts,1
traumas,1
exposes,1
fragility,1
demonstrating,1
witness,1
testimony,1
must,1
never,1
foundational,2
machine,2
neural,2
networks,2
microRNA,2
post,2
transcriptional,2